Game ID,Game Event ID,Player ID,Player Name,Team ID,Team Name,Period,Minutes Remaining,Seconds Remaining,Action Type,Shot Type,Shot Zone Basic,Shot Zone Area,Shot Zone Range,Shot Distance,X Location,Y Location,Shot Made Flag,Game Date,Home Team,Away Team,Season Type
21300831,155,203187,Chris Johnson,1610612738,Boston Celtics,2,9,16,Jump Shot,3PT Field Goal,Right Corner 3,Right Side(R),24+ ft.,23,234,20,1,20140222,SAC,BOS,Regular Season
20201133,255,1717,Dirk Nowitzki,1610612742,Dallas Mavericks,3,11,27,Jump Shot,2PT Field Goal,Mid-Range,Left Side Center(LC),16-24 ft.,17,-136,110,1,20030409,PHX,DAL,Regular Season
21000226,339,201202,Joel Anthony,1610612748,Miami Heat,3,2,57,Jump Shot,2PT Field Goal,In The Paint (Non-RA),Center(C),Less Than 8 ft.,7,-65,45,0,20101126,MIA,PHI,Regular Season
29700694,311,754,Jim Jackson,1610612755,Philadelphia 76ers,3,1,59,Jump Shot,3PT Field Goal,Above the Break 3,Left Side Center(LC),24+ ft.,26,-205,173,1,19980211,PHI,DAL,Regular Season
29900425,108,219,Vinny Del Negro,1610612749,Milwaukee Bucks,1,1,20,Running Jump Shot,2PT Field Goal,In The Paint (Non-RA),Center(C),Less Than 8 ft.,6,-36,57,1,20000103,PHI,MIL,Regular Season
29700449,8,185,Chris Webber,1610612764,Washington Wizards,1,11,46,Layup Shot,2PT Field Goal,Restricted Area,Center(C),Less Than 8 ft.,0,0,5,1,19980104,WAS,PHX,Regular Season
29900683,68,1889,Andre Miller,1610612739,Cleveland Cavaliers,1,3,57,Jump Shot,2PT Field Goal,Mid-Range,Left Side Center(LC),16-24 ft.,17,-96,145,0,20000208,HOU,CLE,Regular Season
21000197,51,201567,Kevin Love,1610612750,Minnesota Timberwolves,1,5,29,Jump Shot,2PT Field Goal,Mid-Range,Left Side Center(LC),16-24 ft.,19,-127,153,1,20101122,OKC,MIN,Regular Season
29700891,104,185,Chris Webber,1610612764,Washington Wizards,1,1,15,Driving Dunk Shot,2PT Field Goal,Restricted Area,Center(C),Less Than 8 ft.,0,0,0,1,19980311,PHI,WAS,Regular Season
20500994,93,2679,Matt Carroll,1610612766,Charlotte Bobcats,1,1,9,Jump Shot,3PT Field Goal,Above the Break 3,Left Side Center(LC),24+ ft.,25,-217,140,0,20060321,CHA,ORL,Regular Season
20400501,31,2592,James Jones,1610612754,Indiana Pacers,1,7,25,Jump Shot,2PT Field Goal,Mid-Range,Right Side Center(RC),16-24 ft.,22,112,192,0,20050111,MEM,IND,Regular Season
20500798,322,1890,Shawn Marion,1610612756,Phoenix Suns,3,2,40,Follow Up Dunk Shot,2PT Field Goal,Restricted Area,Center(C),Less Than 8 ft.,0,0,0,1,20060222,PHX,BOS,Regular Season
21500835,509,1626181,Norman Powell,1610612761,Toronto Raptors,4,0,15,Jump Shot,3PT Field Goal,Above the Break 3,Right Side Center(RC),24+ ft.,24,141,203,0,20160222,NYK,TOR,Regular Season
20100190,66,699,Brent Barry,1610612760,Seattle SuperSonics,1,3,37,Jump Shot,3PT Field Goal,Left Corner 3,Left Side(L),24+ ft.,22,-225,13,0,20011125,SEA,IND,Regular Season
21900324,428,1629134,Kendrick Nunn,1610612748,Miami Heat,3,4,6,Floating Jump shot,2PT Field Goal,In The Paint (Non-RA),Center(C),8-16 ft.,13,-16,138,0,20191206,MIA,WAS,Regular Season
21700845,343,201980,Danny Green,1610612759,San Antonio Spurs,3,7,33,Pullup Jump shot,2PT Field Goal,Mid-Range,Left Side Center(LC),16-24 ft.,19,-136,140,0,20180212,UTA,SAS,Regular Season
20800795,361,200779,Steve Novak,1610612746,Los Angeles Clippers,3,4,29,Jump Shot,3PT Field Goal,Above the Break 3,Left Side Center(LC),24+ ft.,24,-180,173,1,20090217,PHX,LAC,Regular Season
21401204,591,201573,Jerryd Bayless,1610612749,Milwaukee Bucks,4,1,24,Jump Shot,2PT Field Goal,Mid-Range,Right Side(R),16-24 ft.,19,190,0,0,20150413,PHI,MIL,Regular Season
20400911,114,754,Jim Jackson,1610612756,Phoenix Suns,2,11,46,Jump Shot,3PT Field Goal,Above the Break 3,Left Side Center(LC),24+ ft.,25,-184,174,1,20050311,PHX,HOU,Regular Season
21201224,58,201569,Eric Gordon,1610612740,New Orleans Hornets,1,5,58,Jump Shot,2PT Field Goal,Mid-Range,Right Side Center(RC),16-24 ft.,21,86,192,0,20130417,DAL,NOH,Regular Season
21500735,483,202391,Jeremy Lin,1610612766,Charlotte Hornets,4,1,5,Driving Layup Shot,2PT Field Goal,Restricted Area,Center(C),Less Than 8 ft.,1,14,7,1,20160203,CHA,CLE,Regular Season
20301029,45,1508,Maurice Taylor,1610612745,Houston Rockets,1,5,29,Hook Shot,2PT Field Goal,Mid-Range,Right Side(R),8-16 ft.,9,90,33,0,20040324,HOU,TOR,Regular Season
20100145,3,1513,Scot Pollard,1610612758,Sacramento Kings,1,11,36,Driving Layup Shot,2PT Field Goal,Restricted Area,Center(C),Less Than 8 ft.,0,0,0,1,20011119,SAC,HOU,Regular Season
21600263,532,1626148,Anthony Brown,1610612740,New Orleans Pelicans,4,0,12,Jump Shot,3PT Field Goal,Above the Break 3,Left Side Center(LC),24+ ft.,27,-96,254,1,20161129,NOP,LAL,Regular Season
21500212,324,201933,Blake Griffin,1610612746,LA Clippers,3,7,17,Jump Shot,3PT Field Goal,Above the Break 3,Right Side Center(RC),24+ ft.,26,128,228,1,20151124,DEN,LAC,Regular Season
20100353,303,1902,Jeff Foster,1610612754,Indiana Pacers,3,4,35,Layup Shot,2PT Field Goal,Restricted Area,Center(C),Less Than 8 ft.,1,-12,0,0,20011219,IND,TOR,Regular Season
21200562,294,201566,Russell Westbrook,1610612760,Oklahoma City Thunder,3,6,24,Pullup Jump shot,2PT Field Goal,Mid-Range,Center(C),8-16 ft.,15,0,151,1,20130114,PHX,OKC,Regular Season
20200012,219,2203,Shane Battier,1610612763,Memphis Grizzlies,2,3,16,Layup Shot,2PT Field Goal,Restricted Area,Center(C),Less Than 8 ft.,0,0,0,1,20021030,MEM,DAL,Regular Season
21800071,548,203476,Gorgui Dieng,1610612750,Minnesota Timberwolves,4,9,25,Jump Shot,3PT Field Goal,Above the Break 3,Center(C),24+ ft.,24,1,248,0,20181026,MIN,MIL,Regular Season
20300301,350,956,Erick Dampier,1610612744,Golden State Warriors,4,11,39,Layup Shot,2PT Field Goal,Restricted Area,Center(C),Less Than 8 ft.,0,0,0,1,20031210,MIL,GSW,Regular Season
29701087,47,98,Nick Anderson,1610612753,Orlando Magic,1,6,34,Jump Shot,2PT Field Goal,Mid-Range,Left Side(L),8-16 ft.,15,-147,38,1,19980406,ORL,PHI,Regular Season
20500322,305,2050,Morris Peterson,1610612761,Toronto Raptors,3,3,32,Jump Shot,2PT Field Goal,Mid-Range,Right Side Center(RC),16-24 ft.,16,108,120,0,20051216,TOR,GSW,Regular Season
20200753,298,689,Theo Ratliff,1610612737,Atlanta Hawks,3,9,51,Follow Up Dunk Shot,2PT Field Goal,Restricted Area,Center(C),Less Than 8 ft.,0,0,0,1,20030216,ATL,IND,Regular Season
21100306,128,202693,Markieff Morris,1610612756,Phoenix Suns,2,7,17,Jump Shot,2PT Field Goal,Mid-Range,Right Side(R),8-16 ft.,15,157,0,0,20120130,PHX,DAL,Regular Season
20100851,130,185,Chris Webber,1610612758,Sacramento Kings,2,9,16,Driving Layup Shot,2PT Field Goal,Restricted Area,Center(C),Less Than 8 ft.,0,0,0,0,20020304,POR,SAC,Regular Season
20101111,14,15,Eric Piatkowski,1610612746,Los Angeles Clippers,1,10,27,Jump Shot,3PT Field Goal,Above the Break 3,Left Side Center(LC),24+ ft.,25,-185,173,1,20020408,SEA,LAC,Regular Season
21300305,352,203138,Hollis Thompson,1610612755,Philadelphia 76ers,3,6,3,Jump Shot,3PT Field Goal,Left Corner 3,Left Side(L),24+ ft.,23,-235,-22,0,20131209,PHI,LAC,Regular Season
21100406,140,1536,Stephen Jackson,1610612749,Milwaukee Bucks,2,10,46,Jump Shot,2PT Field Goal,Mid-Range,Right Side(R),8-16 ft.,13,125,50,0,20120211,MIL,ORL,Regular Season
20300814,324,2200,Pau Gasol,1610612763,Memphis Grizzlies,3,3,29,Layup Shot,2PT Field Goal,Restricted Area,Center(C),Less Than 8 ft.,0,0,0,0,20040223,MEM,DEN,Regular Season
20000410,380,1749,Cuttino Mobley,1610612745,Houston Rockets,4,9,21,Jump Shot,2PT Field Goal,Mid-Range,Right Side Center(RC),16-24 ft.,17,56,169,1,20001227,HOU,SEA,Regular Season
21800198,700,202691,Klay Thompson,1610612744,Golden State Warriors,5,0,42,Step Back Jump shot,3PT Field Goal,Above the Break 3,Center(C),24+ ft.,25,71,242,0,20181112,LAC,GSW,Regular Season
20400115,146,1894,Corey Maggette,1610612746,Los Angeles Clippers,2,8,34,Jump Shot,3PT Field Goal,Above the Break 3,Left Side Center(LC),24+ ft.,25,-179,187,0,20041117,LAL,LAC,Regular Season
20300335,65,1541,Alvin Williams,1610612761,Toronto Raptors,1,2,59,Jump Shot,2PT Field Goal,In The Paint (Non-RA),Left Side(L),8-16 ft.,8,-80,12,1,20031215,DAL,TOR,Regular Season
21300177,367,203138,Hollis Thompson,1610612755,Philadelphia 76ers,3,2,26,Jump Shot,2PT Field Goal,In The Paint (Non-RA),Center(C),Less Than 8 ft.,4,1,44,0,20131122,PHI,MIL,Regular Season
21000904,157,201203,Mustafa Shakur,1610612764,Washington Wizards,1,0,30,Jump Shot,2PT Field Goal,In The Paint (Non-RA),Center(C),Less Than 8 ft.,7,73,17,0,20110302,WAS,GSW,Regular Season
20500992,10,1712,Antawn Jamison,1610612764,Washington Wizards,1,10,37,Jump Shot,2PT Field Goal,Mid-Range,Right Side(R),16-24 ft.,17,172,-24,0,20060321,WAS,NJN,Regular Season
20600275,396,1497,Chauncey Billups,1610612765,Detroit Pistons,4,4,45,Jump Shot,3PT Field Goal,Above the Break 3,Right Side Center(RC),24+ ft.,25,182,174,1,20061208,ORL,DET,Regular Season
21900745,546,201952,Jeff Teague,1610612737,Atlanta Hawks,4,7,59,Driving Dunk Shot,2PT Field Goal,Restricted Area,Center(C),Less Than 8 ft.,1,5,11,1,20200203,ATL,BOS,Regular Season
20200272,172,2042,Courtney Alexander,1610612740,New Orleans Hornets,2,4,56,Jump Shot,3PT Field Goal,Left Corner 3,Left Side(L),24+ ft.,22,-222,7,1,20021206,NOH,HOU,Regular Season
20200695,61,2045,Hedo Turkoglu,1610612758,Sacramento Kings,1,4,12,Jump Shot,2PT Field Goal,Mid-Range,Right Side(R),16-24 ft.,17,144,95,1,20030204,DAL,SAC,Regular Season
20800050,384,1521,Jacque Vaughn,1610612759,San Antonio Spurs,4,2,58,Floating Jump shot,2PT Field Goal,In The Paint (Non-RA),Right Side(R),8-16 ft.,9,70,66,1,20081104,SAS,DAL,Regular Season
21400386,404,203561,Brandon Davies,1610612751,Brooklyn Nets,3,0,15,Jump Shot,2PT Field Goal,In The Paint (Non-RA),Center(C),8-16 ft.,12,-57,107,0,20141219,CLE,BKN,Regular Season
20301100,165,699,Brent Barry,1610612760,Seattle SuperSonics,2,5,41,Running Jump Shot,2PT Field Goal,Restricted Area,Center(C),Less Than 8 ft.,3,23,30,1,20040402,SEA,LAL,Regular Season
21600172,230,200771,Sergio Rodriguez,1610612755,Philadelphia 76ers,2,1,19,Jump Shot,3PT Field Goal,Left Corner 3,Left Side(L),24+ ft.,22,-228,15,0,20161117,MIN,PHI,Regular Season
20400699,141,923,Donyell Marshall,1610612761,Toronto Raptors,2,9,18,Jump Shot,3PT Field Goal,Right Corner 3,Right Side(R),24+ ft.,23,236,-9,1,20050206,TOR,DAL,Regular Season
21000092,554,2742,Sebastian Telfair,1610612750,Minnesota Timberwolves,3,0,34,Jump Shot,3PT Field Goal,Above the Break 3,Right Side Center(RC),24+ ft.,24,97,224,0,20101107,HOU,MIN,Regular Season
21600716,498,2548,Dwyane Wade,1610612741,Chicago Bulls,4,3,55,Jump Shot,2PT Field Goal,Mid-Range,Right Side(R),16-24 ft.,18,158,100,0,20170129,CHI,PHI,Regular Season
41200101,23,2617,Udonis Haslem,1610612748,Miami Heat,1,8,47,Jump Shot,2PT Field Goal,Mid-Range,Center(C),16-24 ft.,16,2,165,0,20130421,MIA,MIL,Playoffs
20600585,402,2210,Richard Jefferson,1610612751,New Jersey Nets,4,5,34,Driving Layup Shot,2PT Field Goal,Restricted Area,Center(C),Less Than 8 ft.,0,0,0,1,20070119,NYK,NJN,Regular Season
20000553,171,1717,Dirk Nowitzki,1610612742,Dallas Mavericks,2,4,16,Layup Shot,2PT Field Goal,Restricted Area,Center(C),Less Than 8 ft.,0,0,0,0,20010117,CHH,DAL,Regular Season
21300929,369,202330,Gordon Hayward,1610612762,Utah Jazz,3,0,3,Step Back Jump shot,2PT Field Goal,Mid-Range,Left Side Center(LC),16-24 ft.,19,-147,132,1,20140308,PHI,UTA,Regular Season
21000623,473,1889,Andre Miller,1610612757,Portland Trail Blazers,4,0,33,Jump Shot,2PT Field Goal,Mid-Range,Right Side(R),16-24 ft.,17,170,0,1,20110119,SAC,POR,Regular Season
20501211,427,2742,Sebastian Telfair,1610612757,Portland Trail Blazers,4,1,1,Layup Shot,2PT Field Goal,Restricted Area,Center(C),Less Than 8 ft.,2,21,15,1,20060417,GSW,POR,Regular Season
21600847,215,202691,Klay Thompson,1610612744,Golden State Warriors,2,1,20,Jump Shot,2PT Field Goal,Mid-Range,Right Side Center(RC),16-24 ft.,18,123,144,0,20170215,GSW,SAC,Regular Season
21301071,371,203115,Will Barton,1610612757,Portland Trail Blazers,3,1,42,Fadeaway Jump Shot,2PT Field Goal,Mid-Range,Right Side(R),8-16 ft.,12,121,31,0,20140327,ATL,POR,Regular Season
21600164,398,201147,Corey Brewer,1610612745,Houston Rockets,4,8,10,Jump Shot,3PT Field Goal,Left Corner 3,Left Side(L),24+ ft.,23,-230,13,0,20161116,OKC,HOU,Regular Season
20400963,124,2049,Speedy Claxton,1610612740,New Orleans Hornets,1,1,54,Jump Shot,2PT Field Goal,Mid-Range,Center(C),16-24 ft.,18,13,187,0,20050318,CHI,NOH,Regular Season
29901019,306,1495,Tim Duncan,1610612759,San Antonio Spurs,3,0,30,Jump Shot,2PT Field Goal,In The Paint (Non-RA),Center(C),Less Than 8 ft.,4,18,40,0,20000328,POR,SAS,Regular Season
21100219,448,101112,Channing Frye,1610612756,Phoenix Suns,4,4,1,Jump Shot,3PT Field Goal,Above the Break 3,Right Side Center(RC),24+ ft.,25,102,235,0,20120120,BOS,PHX,Regular Season
21200777,425,201957,Byron Mullens,1610612766,Charlotte Bobcats,4,10,24,Turnaround Jump Shot,2PT Field Goal,Mid-Range,Left Side(L),8-16 ft.,12,-122,14,0,20130213,IND,CHA,Regular Season
21600547,430,1627785,Isaiah Whitehead,1610612751,Brooklyn Nets,3,3,14,Running Layup Shot,2PT Field Goal,Restricted Area,Center(C),Less Than 8 ft.,2,-24,-6,1,20170106,BKN,CLE,Regular Season
20301122,185,978,Peja Stojakovic,1610612758,Sacramento Kings,2,4,25,Layup Shot,2PT Field Goal,Restricted Area,Center(C),Less Than 8 ft.,0,0,0,1,20040406,SAC,NOH,Regular Season
21200742,474,201939,Stephen Curry,1610612744,Golden State Warriors,4,0,29,Jump Bank Shot,2PT Field Goal,Mid-Range,Right Side(R),8-16 ft.,13,118,58,1,20130208,MEM,GSW,Regular Season
21100951,364,2747,JR Smith,1610612752,New York Knicks,3,1,19,Running Layup Shot,2PT Field Goal,Restricted Area,Center(C),Less Than 8 ft.,0,-4,0,1,20120422,ATL,NYK,Regular Season
21700452,34,203076,Anthony Davis,1610612740,New Orleans Pelicans,1,9,2,Layup Shot,2PT Field Goal,In The Paint (Non-RA),Center(C),Less Than 8 ft.,6,38,52,0,20171219,WAS,NOP,Regular Season
20200044,102,384,Calbert Cheaney,1610612762,Utah Jazz,1,0,51,Jump Shot,2PT Field Goal,Mid-Range,Right Side(R),16-24 ft.,20,171,114,0,20021103,SEA,UTA,Regular Season
21700883,293,203944,Julius Randle,1610612747,Los Angeles Lakers,2,4,3,Running Dunk Shot,2PT Field Goal,Restricted Area,Center(C),Less Than 8 ft.,3,5,37,1,20180223,LAL,DAL,Regular Season
21801169,560,1627747,Caris LeVert,1610612751,Brooklyn Nets,4,4,52,Jump Shot,3PT Field Goal,Above the Break 3,Right Side Center(RC),24+ ft.,24,213,125,1,20190403,BKN,TOR,Regular Season
21700089,316,202322,John Wall,1610612764,Washington Wizards,2,0,1,Pullup Jump shot,2PT Field Goal,Mid-Range,Right Side Center(RC),16-24 ft.,18,76,172,0,20171029,SAC,WAS,Regular Season
20800304,315,1884,Baron Davis,1610612746,Los Angeles Clippers,3,6,29,Driving Layup Shot,2PT Field Goal,Restricted Area,Center(C),Less Than 8 ft.,0,0,0,1,20081208,LAC,ORL,Regular Season
20800682,213,2592,James Jones,1610612748,Miami Heat,2,6,10,Jump Shot,3PT Field Goal,Right Corner 3,Right Side(R),24+ ft.,23,234,34,0,20090130,IND,MIA,Regular Season
21000838,506,201945,Gerald Henderson,1610612766,Charlotte Bobcats,4,2,54,Tip Shot,2PT Field Goal,Restricted Area,Center(C),Less Than 8 ft.,1,9,6,0,20110222,CHA,TOR,Regular Season
29800407,9,358,Anfernee Hardaway,1610612753,Orlando Magic,1,10,46,Jump Shot,2PT Field Goal,Mid-Range,Left Side(L),8-16 ft.,10,-109,-8,0,19990328,ORL,MIA,Regular Season
21800045,675,1628378,Donovan Mitchell,1610612762,Utah Jazz,4,0,9,Pullup Jump shot,3PT Field Goal,Above the Break 3,Right Side Center(RC),24+ ft.,25,116,225,0,20181022,UTA,MEM,Regular Season
29700875,15,15,Eric Piatkowski,1610612746,Los Angeles Clippers,1,10,12,Layup Shot,2PT Field Goal,Restricted Area,Center(C),Less Than 8 ft.,0,0,0,0,19980308,DEN,LAC,Regular Season
20800692,318,101211,Stephen Graham,1610612754,Indiana Pacers,3,6,44,Reverse Layup Shot,2PT Field Goal,Restricted Area,Center(C),Less Than 8 ft.,1,-16,3,0,20090131,IND,NYK,Regular Season
20000213,5,1711,Raef LaFrentz,1610612743,Denver Nuggets,1,11,14,Jump Shot,3PT Field Goal,Above the Break 3,Right Side Center(RC),24+ ft.,25,121,222,1,20001129,MIN,DEN,Regular Season
20000414,125,951,Ray Allen,1610612749,Milwaukee Bucks,2,11,40,Jump Shot,2PT Field Goal,In The Paint (Non-RA),Center(C),8-16 ft.,15,-77,137,0,20001228,CLE,MIL,Regular Season
20000010,325,317,John Starks,1610612762,Utah Jazz,3,6,17,Jump Shot,2PT Field Goal,Mid-Range,Center(C),16-24 ft.,20,-12,200,0,20001031,UTA,LAC,Regular Season
29700617,274,400,Derek Strong,1610612753,Orlando Magic,3,3,5,Jump Shot,2PT Field Goal,Mid-Range,Left Side Center(LC),16-24 ft.,18,-149,109,1,19980128,DET,ORL,Regular Season
20200872,310,711,Jerry Stackhouse,1610612764,Washington Wizards,3,4,5,Jump Shot,2PT Field Goal,In The Paint (Non-RA),Center(C),Less Than 8 ft.,5,8,56,0,20030305,WAS,LAC,Regular Season
29900360,490,1495,Tim Duncan,1610612759,San Antonio Spurs,5,4,16,Jump Shot,2PT Field Goal,Mid-Range,Left Side(L),8-16 ft.,8,-81,1,1,19991221,SAS,PHX,Regular Season
20200414,271,1883,Steve Francis,1610612745,Houston Rockets,3,9,22,Reverse Layup Shot,2PT Field Goal,Restricted Area,Center(C),Less Than 8 ft.,0,0,0,0,20021227,HOU,NYK,Regular Season
21200336,336,201957,Byron Mullens,1610612766,Charlotte Bobcats,3,2,18,Hook Shot,2PT Field Goal,In The Paint (Non-RA),Center(C),Less Than 8 ft.,7,73,12,0,20121215,CHA,ORL,Regular Season
20400747,4,2201,Eddy Curry,1610612741,Chicago Bulls,1,11,29,Jump Hook Shot,2PT Field Goal,In The Paint (Non-RA),Center(C),Less Than 8 ft.,5,-2,51,1,20050213,MIN,CHI,Regular Season
29700338,359,361,Clifford Robinson,1610612756,Phoenix Suns,4,7,14,Layup Shot,2PT Field Goal,Restricted Area,Center(C),Less Than 8 ft.,0,0,0,0,19971218,DAL,PHX,Regular Season
29800184,128,1504,Danny Fortson,1610612743,Denver Nuggets,2,11,14,Jump Shot,2PT Field Goal,Mid-Range,Right Side(R),8-16 ft.,15,149,27,0,19990228,DEN,VAN,Regular Season
20800059,22,200765,Rajon Rondo,1610612738,Boston Celtics,1,9,9,Reverse Layup Shot,2PT Field Goal,Restricted Area,Center(C),Less Than 8 ft.,0,0,0,1,20081105,OKC,BOS,Regular Season
20000235,247,782,Mitch Richmond,1610612764,Washington Wizards,3,10,44,Jump Shot,3PT Field Goal,Above the Break 3,Left Side Center(LC),24+ ft.,25,-187,169,1,20001202,WAS,MIA,Regular Season
20300323,71,467,Jason Kidd,1610612751,New Jersey Nets,1,3,18,Jump Shot,3PT Field Goal,Left Corner 3,Left Side(L),24+ ft.,22,-227,17,0,20031213,MEM,NJN,Regular Season
